{"cameraMode":{"drawMode":0,"name":"Shaded","section":"Shading Mode"},"sceneLighting":true,"audioPlay":false,"sceneViewState":{"showFog":true,"showMaterialUpdate":false,"showSkybox":true,"showFlares":true,"showImageEffects":true,"showParticleSystems":true},"in2DMode":false,"pivot":{"x":-4.354822158813477,"y":-3.098421096801758,"z":-3.3922553062438967},"rotation":{"x":0.5938790440559387,"y":-0.15970490872859956,"z":0.12174063920974732,"w":0.7790901064872742},"size":27.575864791870118,"orthographic":false}